TeamId,TeamName,SubmissionDate,Score
9073845,"Shuji Suzuki","2022-11-15 14:01:55",0.775690
9026173,"senkin & tmp","2022-11-15 16:58:40",0.774669
9051179,Makotu,"2022-11-15 20:59:54",0.773518
9061717,"Oliver Wang","2022-11-15 20:35:56",0.773145
9056417,"Lucky Shake","2022-11-15 12:32:12",0.772827
9027234,"[Risk-ZaloPay] Aggressive","2022-11-15 14:44:05",0.772712
9028630,chromosom,"2022-11-15 23:10:33",0.772635
9089650,"[Deleted] d9a20f9e-aef5-4975-9de4-8b814b69413d","2022-11-11 07:43:56",0.772355
9031507,vialactea,"2022-11-15 23:40:47",0.772142
9086516,VHI,"2022-11-15 22:44:02",0.772113
9025833,[Rist]e-toppo,"2022-11-15 23:53:50",0.771584
9064344,Silogram,"2022-11-08 13:48:37",0.771580
9045112,Q,"2022-11-14 01:37:51",0.771556
9068328,"Protein Shake","2022-11-15 16:42:31",0.771553
9044799,ELRQR,"2022-11-15 03:31:14",0.771514
9339543,"Cindy Zeng","2022-11-15 11:35:45",0.771508
9361365,kagglejoan,"2022-11-15 12:27:13",0.771468
9165467,AyPy,"2022-11-15 22:36:22",0.771463
9418683,Enochaoet,"2022-11-15 19:27:49",0.771375
9200923,myu13140,"2022-11-15 14:11:26",0.771357
9380530,One_team,"2022-11-15 06:58:08",0.771349
9127816,MSCI,"2022-11-15 09:54:44",0.771349
9323050,bertramcusyvc,"2022-11-15 07:14:37",0.771349
9379579,42,"2022-11-15 09:33:20",0.771270
9037444,"Kha | MT | B | Ambros","2022-11-15 16:06:25",0.771244
9272091,Tsia.,"2022-11-15 11:52:18",0.771243
9025560,One&Only,"2022-11-15 17:47:05",0.771196
9060753,luddite^[KaiRA],"2022-11-15 23:19:07",0.771165
9421540,"what chocolates going","2022-11-15 21:36:51",0.771159
9042502,"Sebastian van Gerwen","2022-11-14 03:51:24",0.771155
9101350,DANCE,"2022-11-15 23:58:54",0.771141
9125762,🧬Go！,"2022-11-15 19:37:05",0.771099
9378814,sabrina882,"2022-11-15 21:00:58",0.771094
9363227,"Go for it","2022-11-15 06:45:47",0.771027
9179519,"Yin Qiwei","2022-11-15 13:25:02",0.771009
9360879,"Jiang's team","2022-11-15 13:50:48",0.770981
9194117,gi96598,"2022-11-15 08:10:44",0.770981
9173507,⧸⎩⎠⎞͏(😐)⎛͏⎝⎭⧹,"2022-11-15 15:57:32",0.770878
9085749,Barry,"2022-11-15 22:23:16",0.770875
9418483,Jordanshow,"2022-11-15 09:12:16",0.770837
9086731,Cellcipher,"2022-11-15 22:33:17",0.770823
9420918,victoria667,"2022-11-15 14:01:28",0.770757
9129711,CoupleCell,"2022-11-15 16:28:42",0.770723
9079815,no-magic,"2022-11-14 19:10:00",0.770650
9286781,"Anyways, we are right.","2022-11-15 08:31:56",0.770599
9420599,bruceeeex,"2022-11-15 11:47:17",0.770575
9418754,Tyroneset,"2022-11-14 17:15:15",0.770550
9378072,RationalJoe,"2022-11-15 18:26:07",0.770549
9237483,Highway,"2022-11-15 17:05:52",0.770539
9380514,"z.c. gao","2022-11-15 16:04:32",0.770488
9077142,gogogo,"2022-11-15 22:49:51",0.770425
9060506,Ibakyo,"2022-11-14 00:50:14",0.770296
9034255,Beginner,"2022-11-15 14:17:40",0.770239
9031513,SergioMiguelMoya,"2022-11-15 21:38:15",0.770213
9417054,gordonkavgx,"2022-11-14 16:02:53",0.770213
9055610,hklee,"2022-11-13 15:44:23",0.770189
9324616,Monroe8702,"2022-11-15 17:43:40",0.770182
9042640,"VINCENT GANATCH","2022-11-15 12:23:31",0.769984
9421011,bowen237,"2022-11-15 20:38:46",0.769952
9130210,Tiger0,"2022-11-15 23:13:00",0.769942
9428254,lemon5382,"2022-11-15 20:08:50",0.769932
9054108,ponkots,"2022-11-10 02:39:25",0.769808
9072744,"unlucky shake","2022-11-15 20:34:08",0.769746
9097728,tarick.morty,"2022-11-15 20:38:39",0.769676
9037281,"Roland Luethy","2022-11-13 18:13:20",0.769538
9222909,"gg (goblin gimmick)","2022-11-15 18:16:52",0.769522
9282411,da,"2022-11-15 23:27:04",0.769463
9054750,mtRNA,"2022-11-15 00:14:55",0.769402
9417131,Darrylfish,"2022-11-15 23:19:52",0.769401
9035335,"Pseudotime machine","2022-11-15 18:35:30",0.769393
9280773,LAIME_TEAM_1,"2022-11-15 23:54:09",0.769384
9416987,Humorous,"2022-11-15 23:46:31",0.769313
9378712,godferywmquya,"2022-11-15 20:21:20",0.769228
9422146,"Karl #2","2022-11-14 16:42:50",0.769198
9038351,SangSong,"2022-11-15 13:42:57",0.769151
9218718,ZhangYuan2000&DeweiChen&Access,"2022-11-15 23:17:50",0.769150
9044112,Chouchou,"2022-11-05 18:18:20",0.769100
9026026,cocoinit23,"2022-11-14 03:46:59",0.769096
9417096,Jimmy,"2022-11-15 17:30:52",0.769084
9051896,Elahi,"2022-11-11 02:53:57",0.769069
9416751,Jeff8888,"2022-11-15 17:01:14",0.769010
9067363,Nika,"2022-11-15 22:00:43",0.769006
9262322,qdv206,"2022-11-13 16:20:50",0.768956
9263552,baseline,"2022-11-15 16:03:13",0.768952
9110360,"Jose Carmona","2022-11-14 23:37:31",0.768927
9298397,Chengluu,"2022-11-14 12:21:23",0.768912
9421095,jonasxnnys,"2022-11-14 18:20:10",0.768905
9277234,"Manuel Campos","2022-11-15 23:08:57",0.768905
9080523,shigeria,"2022-11-15 16:54:41",0.768772
9029356,"Berkin Ersöz","2022-11-15 10:34:35",0.768756
9044546,Kuro,"2022-11-15 17:53:42",0.768571
9393891,George,"2022-11-14 14:30:52",0.768559
9064198,"Shunto Nakamura","2022-11-15 13:03:06",0.768538
9078702,c++,"2022-11-06 16:54:16",0.768515
9391475,Hermanshow,"2022-11-15 19:34:14",0.768490
9366413,"Pu Zhuqing","2022-11-15 05:11:43",0.768476
9076803,"Team Name","2022-11-15 22:25:00",0.768454
9141078,"Kaggle Single-Cell","2022-11-15 10:49:14",0.768444
9134124,aagapi,"2022-11-15 21:59:18",0.768441
9300707,"Peihao & Yizhou","2022-11-15 13:04:27",0.768439
9042839,YM,"2022-11-15 14:52:06",0.768414
9029868,A🌟🌟,"2022-11-15 23:56:12",0.768389
9109646,something4kag,"2022-11-06 10:00:33",0.768300
9368678,Devolnyx,"2022-11-15 20:33:30",0.768299
9393363,TeamZ,"2022-11-15 22:14:50",0.768268
9388643,happymat,"2022-11-15 23:25:23",0.768252
9090265,χαῖρε,"2022-11-15 19:44:07",0.768224
9098063,🤗konita🤗,"2022-11-15 09:58:50",0.768110
9253384,Zen,"2022-11-15 22:29:30",0.768061
9364979,cornelia,"2022-11-15 08:59:18",0.768059
9027425,@,"2022-11-15 22:42:49",0.768051
9202237,MONJIROW-H,"2022-11-15 06:01:41",0.768044
9427601,User,"2022-11-15 20:27:42",0.768036
9070423,ricopue,"2022-11-15 07:02:33",0.768025
9050823,ShuoZhang,"2022-11-15 14:55:36",0.767985
9424949,Wayne1759,"2022-11-14 09:03:08",0.767978
9375657,Rudolfcrxpjo,"2022-11-13 18:28:56",0.767955
9378752,Henry1010,"2022-11-15 07:30:56",0.767955
9376236,donnafbdzw,"2022-11-14 15:53:56",0.767951
9123709,"Arthur Mulikhov","2022-11-14 21:23:53",0.767939
9058168,HNing,"2022-11-15 17:56:42",0.767921
9077549,Neko,"2022-11-15 10:48:44",0.767890
9081523,artem_fedorov,"2022-11-15 18:58:30",0.767877
9263132,"Yuya Shintani","2022-11-15 19:42:22",0.767859
9259540,"Vincent Dai","2022-11-14 14:27:52",0.767820
9416665,Augusg,"2022-11-14 15:38:13",0.767817
9212007,LearningAndChanging,"2022-11-15 03:48:46",0.767810
9416927,Morganlqti,"2022-11-14 07:12:46",0.767802
9194718,"Dmitriy Ershov","2022-11-15 23:45:17",0.767776
9027297,"Venkata Nageswararao Padavala","2022-11-15 13:53:38",0.767760
9287396,"Vlad Vaduva","2022-11-15 11:32:16",0.767740
9083234,"ธ ร ร ม ะ ก ร ะ ตุ ก จิ ต","2022-11-15 06:32:04",0.767719
9243470,MiraiMagician,"2022-11-15 23:54:36",0.767691
9077120,"Andy Atkinson","2022-10-01 14:13:15",0.767690
9072916,Single-Cell,"2022-11-15 14:30:52",0.767657
9053403,"Artemy Bakulin","2022-11-15 20:34:37",0.767624
9427933,"[Deleted] 3bc4e422-a6f0-4625-810f-aad8d9396e3e","2022-11-15 12:51:09",0.767623
9058749,tsr4nn,"2022-11-15 16:05:13",0.767614
9241734,Matrix,"2022-11-15 09:00:09",0.767574
9056301,northern_ray,"2022-11-15 18:38:04",0.767546
9025569,TM,"2022-11-15 23:34:19",0.767533
9185967,BinduKowthavarapu,"2022-11-15 13:48:45",0.767533
9243585,ES,"2022-11-15 08:37:42",0.767503
9226441,"Ali Salhi 🇵🇸","2022-11-15 06:57:43",0.767495
9341956,yt0914,"2022-11-15 05:18:53",0.767482
9171947,"Arindam Baruah","2022-11-15 17:58:03",0.767473
9298327,"Vendekagon Labs","2022-11-06 03:54:47",0.767466
9042292,"To The GOLD","2022-11-09 08:08:51",0.767445
9423923,Tanrei(nama),"2022-11-15 00:59:29",0.767400
9294419,samny,"2022-11-15 23:21:46",0.767371
9248572,"Andy #2","2022-11-15 09:01:21",0.767369
9113360,binsiliao,"2022-11-15 13:08:25",0.767367
9076487,Brotein,"2022-09-07 00:58:55",0.767355
9390317,kiyomomo,"2022-11-15 23:47:49",0.767342
9062948,"Ace Team","2022-11-14 14:45:43",0.767340
9026037,"Nikitas Sourdakos","2022-10-31 22:18:56",0.767318
9064768,"Laurent Pourchot","2022-10-18 15:47:58",0.767312
9163802,yiqxiaobai,"2022-11-06 13:05:33",0.767299
9366151,drzeus,"2022-11-15 16:55:40",0.767293
9064985,"Dr. Neo Cortex","2022-11-15 22:43:18",0.767281
9097896,"sing4it Luo","2022-11-15 08:24:59",0.767277
9080730,"Nagano Hikaru","2022-11-12 11:22:09",0.767274
9167146,shake_rabbit,"2022-11-14 15:05:50",0.767243
9110824,"K Wang","2022-11-15 16:19:16",0.767240
9076378,"Markham Lee","2022-11-15 04:11:40",0.767236
9029315,IC2,"2022-11-15 18:10:44",0.767234
9332530,Schwertwal,"2022-11-15 23:31:54",0.767229
9288643,initializer-z,"2022-11-15 20:13:56",0.767229
9121199,"Simon Yuan","2022-09-22 06:17:05",0.767223
9300315,"ma 127","2022-11-15 13:34:40",0.767217
9027489,"Hi F","2022-11-15 16:01:38",0.767216
9068074,"Jhonny Escalona","2022-11-10 11:44:03",0.767216
9056053,"chance meeting","2022-11-15 22:08:13",0.767192
9025877,"Hiroshi Sakiyama","2022-11-15 13:21:45",0.767179
9070622,stplgk,"2022-11-11 14:18:37",0.767178
9026761,"Kamal Das","2022-11-13 12:46:31",0.767177
9071311,resigned,"2022-11-15 23:15:07",0.767167
9358556,Alexander.Y,"2022-10-31 12:57:29",0.767167
9037414,sskknt,"2022-11-13 05:26:11",0.767166
9136243,mfelx3,"2022-10-28 02:41:00",0.767165
9040401,🥇|🥈|🥉|🪦,"2022-10-05 17:20:33",0.767162
9066398,"Gena AIRI","2022-11-15 21:48:52",0.767155
9220260,Kag,"2022-11-15 05:53:19",0.767153
9383172,AnatoliyF,"2022-11-15 18:00:34",0.767151
9372945,"Hiroyuki Onishi","2022-11-15 23:31:59",0.767147
9168318,wekeed,"2022-11-08 22:12:11",0.767145
9394770,Benson,"2022-11-15 14:44:49",0.767142
9322340,"Eric Chan","2022-10-25 22:09:33",0.767140
9028819,"Takfarines Guergueb","2022-11-13 05:17:51",0.767138
9174096,"Ye Jiaqi","2022-10-21 02:16:16",0.767138
9038025,"Marek Nurzynski","2022-11-15 23:23:47",0.767136
9248985,Tawara,"2022-11-15 14:17:44",0.767136
9068368,ryumei,"2022-11-15 23:50:24",0.767115
9074372,motono0223,"2022-11-12 17:48:04",0.767093
9127762,Danny,"2022-11-15 01:50:02",0.767089
9109467,Monotone,"2022-10-31 13:19:36",0.767086
9110857,"Go Go PuPu！！！","2022-10-30 13:01:50",0.767072
9310131,"Allie K.","2022-11-15 23:32:54",0.767071
9079065,"Harijs Ceriņš","2022-11-15 15:50:25",0.767070
9257600,AkiraIshikawa,"2022-11-15 14:01:56",0.767065
9413638,Aidan,"2022-11-15 13:45:08",0.767063
9416172,"Pietro Maldini","2022-11-09 21:53:12",0.767058
9328552,----------,"2022-11-15 22:57:43",0.767058
9134902,Vibhatsu,"2022-11-14 18:47:30",0.767052
9298081,N.Yamashina,"2022-11-15 02:25:07",0.767050
9062424,"Felipe Renck","2022-11-11 19:17:13",0.767049
9155775,"Pierre Tisseur","2022-11-07 15:55:32",0.767036
9286193,"TK(TeamShiny in Akihabara)","2022-10-23 08:23:41",0.767033
9302180,hasega,"2022-11-15 15:01:55",0.767027
9035959,vishelshak,"2022-11-15 13:23:49",0.767026
9339917,koyubi,"2022-11-06 14:51:13",0.767020
9178757,Ralf,"2022-11-15 06:53:36",0.767019
9026586,洛天依,"2022-11-09 06:26:54",0.767015
9340556,"Theo Cochran","2022-10-25 22:52:49",0.767014
9064982,utm529f,"2022-11-10 17:31:45",0.767004
9044621,oftenpoppo,"2022-11-09 15:29:07",0.767003
9288519,"Xinze Wu","2022-11-15 22:50:50",0.767003
9399274,alexeyshmelev,"2022-11-15 23:02:45",0.767002
9048786,"Akmal Azzam o'g'li","2022-11-14 18:53:22",0.767001
9044474,"Mikhail Karchevskiy","2022-11-14 17:07:30",0.766990
9036739,A2B,"2022-11-15 20:07:45",0.766987
9130654,XEEH,"2022-11-15 17:30:09",0.766987
9227632,red_mad_robot,"2022-11-15 14:20:20",0.766986
9155859,顾家瑞jerrywryyyy,"2022-11-08 05:37:28",0.766981
9410212,toto_kami_uni,"2022-11-07 02:40:39",0.766979
9068279,Satya,"2022-11-14 04:34:21",0.766978
9164480,Ryottai,"2022-11-12 12:08:27",0.766977
9229530,Hyper-Positive-Yancy,"2022-11-15 23:42:30",0.766971
9101263,SijungYunPredictiv,"2022-11-15 23:36:53",0.766970
9029884,babyTiger,"2022-11-15 17:04:27",0.766969
9026031,sugghi,"2022-11-15 23:47:50",0.766966
9045117,albert,"2022-10-21 15:16:53",0.766963
9060639,AItony,"2022-11-14 07:57:08",0.766961
9356008,xiaobenla,"2022-11-12 03:07:26",0.766958
9078868,YamaIch,"2022-11-14 15:01:19",0.766958
9386683,victorasso,"2022-11-15 18:03:04",0.766939
9197145,masaume,"2022-10-23 12:40:13",0.766939
9034160,sqrt4kaido,"2022-11-15 15:40:09",0.766932
9121880,yama09,"2022-11-15 08:49:52",0.766928
9409698,rookie,"2022-11-14 07:16:04",0.766928
9037102,"The Star of Bethlehem","2022-11-15 18:20:24",0.766924
9372203,vivek,"2022-11-15 19:33:00",0.766923
9202536,"Lusheng Li","2022-11-10 21:28:30",0.766920
9027595,"Mathurin Aché","2022-11-15 22:10:11",0.766919
9421229,dhsmile99,"2022-11-14 13:17:56",0.766916
9041551,pinouche,"2022-11-05 20:47:48",0.766909
9274663,Xiaoccz,"2022-11-15 08:34:17",0.766904
9094103,"Harjot Pahwa","2022-11-15 22:07:18",0.766903
9351306,"Alexander #3","2022-11-10 12:22:02",0.766903
9323165,mlerxue,"2022-10-23 12:22:46",0.766903
9274584,Kylewang12138,"2022-11-15 08:17:20",0.766899
9087556,siguo,"2022-11-15 13:50:02",0.766897
9211971,mathsaint2,"2022-11-14 15:36:56",0.766896
9033929,卿如雾里花,"2022-11-02 03:39:14",0.766890
9055389,wangZhiHIT,"2022-11-05 14:24:55",0.766887
9155771,GreySun,"2022-11-15 09:23:59",0.766885
9067845,yasuda,"2022-11-15 23:46:15",0.766883
9038189,"C. Beaud","2022-11-15 23:47:07",0.766875
9037819,"Sritan Motati","2022-11-15 23:55:36",0.766875
9252902,"Yuhang Jiang","2022-11-14 17:29:04",0.766873
9065205,"Leo Lu","2022-11-15 12:29:22",0.766872
9378137,BIZEN,"2022-11-15 07:29:35",0.766865
9025800,HAOTIANCUI,"2022-11-15 18:20:30",0.766863
9077773,van73,"2022-11-15 13:29:47",0.766861
9118917,"aziz belkadi","2022-11-01 09:38:18",0.766860
9043429,"Jin K","2022-10-26 02:58:58",0.766860
9026759,BladeRunner,"2022-11-02 09:37:09",0.766860
9356203,"Zhaohong Xiang","2022-10-30 09:12:08",0.766860
9169556,"Teng Zhao","2022-11-01 13:06:30",0.766860
9393965,Horikitasaku,"2022-11-06 07:29:33",0.766860
9407191,soramame0311,"2022-11-05 01:43:46",0.766860
9222247,"Chris X","2022-11-05 18:42:50",0.766860
9063065,Ryan,"2022-11-09 19:19:12",0.766860
9177129,jinyang18,"2022-11-14 17:30:53",0.766860
9027254,sB2,"2022-11-13 22:13:20",0.766860
9414857,"Luca Massaron","2022-11-06 10:41:07",0.766857
9165532,xhao_pku,"2022-11-14 06:25:48",0.766856
9239353,iuXUANw,"2022-10-21 13:26:54",0.766852
9066397,minUncle,"2022-11-10 05:39:57",0.766852
9050634,"tensor choko","2022-11-06 01:33:17",0.766852
9356440,Dmitry,"2022-11-15 19:35:54",0.766852
9253615,Eiichi1998,"2022-10-28 08:41:51",0.766851
9026472,kglctf,"2022-11-15 12:19:53",0.766850
9081869,shyjin,"2022-10-22 10:11:41",0.766849
9109036,wang92,"2022-11-06 11:41:17",0.766846
9164212,rice_cake,"2022-11-14 08:33:32",0.766846
9298258,aspiring,"2022-11-15 10:39:50",0.766845
9402969,"David Roberts","2022-11-15 00:53:13",0.766845
9176825,ML,"2022-11-15 11:08:48",0.766843
9028729,"Dmitry Kozlov","2022-11-10 14:00:06",0.766842
9028332,takaito,"2022-11-15 21:52:43",0.766842
9149591,hoho,"2022-11-15 00:49:33",0.766841
9062057,"Alexey Kotlik","2022-11-15 23:55:55",0.766840
9068343,Node,"2022-11-03 09:04:59",0.766840
9170823,49#603,"2022-11-07 13:38:57",0.766840
9392731,"Juntao Jiang","2022-11-02 09:47:26",0.766840
9052308,"Luck is all you need","2022-11-07 07:12:19",0.766840
9028314,"Michael George","2022-11-12 15:18:08",0.766840
9206055,alukade,"2022-11-15 11:45:20",0.766839
9147025,huanhu,"2022-11-08 02:20:52",0.766839
9051914,"Shogo Asa","2022-11-15 04:37:33",0.766839
9275793,"Pavel Kolodeznyy","2022-11-04 19:44:22",0.766838
9416192,wangms-273560,"2022-11-08 08:21:11",0.766837
9368897,forrato,"2022-11-10 08:16:03",0.766836
9395321,ottantachinque,"2022-11-11 05:49:14",0.766835
9189120,ทีมอิหยังวะ!!!,"2022-10-21 04:51:19",0.766835
9420147,XiaChengcheng,"2022-11-08 04:21:39",0.766834
9150028,"Alin Cijov","2022-11-15 19:51:02",0.766833
9425467,"YIXUAN WU","2022-11-08 09:51:39",0.766831
9042769,"Haocai Wei","2022-11-02 02:55:51",0.766830
9159527,heihei26,"2022-11-06 23:27:44",0.766829
9392430,yunfei,"2022-11-07 08:17:36",0.766829
9026599,"Nischay Dhankhar","2022-10-22 18:46:47",0.766827
9040647,WenliangCao,"2022-11-12 03:05:49",0.766826
9028477,mipypf,"2022-11-15 18:26:31",0.766823
9100845,Izotov,"2022-10-22 20:38:11",0.766822
9095313,D&D,"2022-11-15 23:38:51",0.766821
9309877,"Alex Roubinchtein","2022-11-06 02:02:07",0.766821
9353570,azmlpq,"2022-10-27 04:47:24",0.766821
9428232,"we are new friends","2022-11-13 15:07:55",0.766821
9025567,"Abdelghani Belgaid","2022-11-08 07:03:15",0.766821
9135236,yiiino,"2022-11-10 23:33:04",0.766821
9250460,"MD Shariful Islam","2022-11-08 07:18:28",0.766821
9299307,"Abdalrahman Shahrour","2022-11-12 15:48:39",0.766821
9046573,"Akira Hirohashi","2022-11-13 05:34:08",0.766821
9254307,0x,"2022-11-15 03:09:19",0.766821
9048814,"Youri Matiounine","2022-10-20 13:26:09",0.766820
9163839,viictte,"2022-11-15 09:26:15",0.766820
9064886,BensHD,"2022-10-19 15:05:20",0.766820
9065587,"Gabriel Preda","2022-10-25 11:50:37",0.766820
9110821,nuer007,"2022-11-09 05:52:29",0.766820
9221520,"Mercury Sun","2022-11-08 14:53:14",0.766820
9056340,AL2022,"2022-10-30 06:12:33",0.766819
9077489,htsbrer,"2022-11-15 14:31:11",0.766816
9104886,"Laura Fink","2022-11-09 18:49:08",0.766815
9096741,ryyrnissu,"2022-10-21 06:46:52",0.766815
9096588,"Jonver Oro","2022-11-10 12:11:52",0.766813
9301805,CellIntegration,"2022-11-14 23:24:22",0.766812
9370196,"MO WK12345","2022-10-29 06:47:05",0.766810
9408630,Hoizzto,"2022-11-06 21:08:24",0.766809
9050566,"Vitalii Mokin","2022-11-10 20:55:46",0.766808
9076659,"Santiago Mota","2022-11-11 20:19:00",0.766808
9414330,AM,"2022-11-06 06:48:06",0.766808
9374764,Kojikojii,"2022-11-12 13:02:45",0.766808
9033773,weizhi,"2022-11-06 08:23:35",0.766808
9415607,"Shiny Go","2022-11-06 12:53:37",0.766808
9032629,"Dr. Gero","2022-11-06 13:33:28",0.766808
9256071,"Gohan kuitai","2022-11-14 14:47:17",0.766808
9231086,"Mukharbek Organokov","2022-11-13 20:10:59",0.766808
9025319,"Faisal Alsrheed","2022-11-06 18:21:48",0.766808
9408295,"Olga Ivanova","2022-11-06 18:12:34",0.766808
9342857,UmutEser,"2022-11-08 07:19:57",0.766808
9418216,thmd,"2022-11-07 01:50:27",0.766808
9420655,"Bibin Paul","2022-11-10 10:34:32",0.766808
9311161,"Lee Kunyu","2022-11-07 13:22:43",0.766808
9096885,"Максим Еремеев","2022-11-07 19:33:08",0.766808
9423065,Eden,"2022-11-07 19:49:46",0.766808
9045890,"shi tianyu","2022-11-08 04:59:26",0.766808
9042554,dfo4653,"2022-11-08 05:38:54",0.766808
9081967,"Leonid Sinev","2022-11-15 22:01:49",0.766808
9365651,"Ray Melius","2022-11-08 08:03:53",0.766808
9028123,endthis!,"2022-11-08 10:43:52",0.766808
9067340,Fatebinder,"2022-11-08 16:06:55",0.766808
9425456,"Ridwanul Hasan Tanvir","2022-11-08 19:12:38",0.766808
9326641,"Volodymyr Pivoshenko","2022-11-12 15:35:34",0.766808
9159018,"Mike Kim","2022-11-08 23:08:47",0.766808
9086696,ricchan-boy,"2022-11-09 00:17:21",0.766808
9164184,Nickrklx,"2022-11-09 05:52:04",0.766808
9101106,andrekos,"2022-11-09 09:10:49",0.766808
9136495,Robson,"2022-11-09 12:01:45",0.766808
9111197,rc95401,"2022-11-09 23:25:00",0.766808
9098040,Gordon,"2022-11-10 14:48:12",0.766808
9025509,"Ravi Shah","2022-11-11 01:56:12",0.766808
9027775,andrewtep,"2022-11-11 10:12:48",0.766808
9073546,kkkggg,"2022-11-12 06:03:01",0.766808
9057706,"Andrej Marinchenko","2022-11-12 14:57:37",0.766808
9032572,"Paulo Pinto","2022-11-12 15:56:56",0.766808
9069515,"Ivan Vigorito","2022-11-12 17:43:45",0.766808
9152697,"Yuhey Asano","2022-11-13 11:51:37",0.766808
9034129,radioactive,"2022-11-13 13:09:09",0.766808
9064419,pabnr,"2022-11-14 09:08:42",0.766808
9054587,"Uesugi Erii","2022-11-14 12:36:38",0.766808
9028988,"The kernel appears to have d..","2022-11-14 13:35:18",0.766808
9428446,Frogg8,"2022-11-15 23:06:12",0.766808
9130961,"Naveen Sundaresan","2022-11-15 04:38:45",0.766808
9122220,namnamna,"2022-11-15 06:27:59",0.766808
9034989,"Abid Ali Awan","2022-11-15 08:16:36",0.766808
9030373,"Ayman Khalafallah","2022-11-15 13:36:52",0.766808
9068322,Eva,"2022-11-15 15:54:56",0.766808
9026717,siddharth,"2022-11-15 23:53:19",0.766808
9167290,"SHILONG DENG","2022-11-06 13:24:49",0.766807
9372906,Turbo,"2022-10-29 16:21:42",0.766807
9101132,"morita masaya","2022-11-14 12:42:31",0.766805
9113025,"Antoniu Gugu","2022-10-20 09:17:26",0.766805
9368530,Sciencehorizen,"2022-11-15 17:55:32",0.766803
9329340,Vinn,"2022-10-24 07:24:16",0.766793
9390591,makogarei,"2022-11-02 02:07:36",0.766793
9062789,samu2505,"2022-11-07 13:28:07",0.766792
9178257,jinhangliu136,"2022-11-09 07:27:22",0.766792
9025557,"Umut Toygar Goz","2022-10-30 19:05:48",0.766792
9072666,"Chris Miles","2022-11-15 23:57:41",0.766792
9041667,FX-6300,"2022-11-06 03:22:00",0.766792
9068500,"Michael Kingston","2022-10-19 11:52:38",0.766792
9320142,"Kelvin #2","2022-10-19 17:51:56",0.766792
9040786,"arun nadaradjane","2022-10-19 21:02:55",0.766792
9029759,ZRC,"2022-10-20 08:52:38",0.766792
9285807,"Akikazu Nakamura","2022-10-20 12:09:58",0.766792
9078958,DuoLearning,"2022-10-20 14:24:13",0.766792
9042213,maxsarmento,"2022-11-07 02:17:30",0.766792
9090015,954,"2022-10-21 07:18:22",0.766792
9156789,"Lawliet Xie","2022-10-22 02:43:46",0.766792
9029033,RICEDYS,"2022-11-04 01:04:06",0.766792
9030766,"Caleb Choe","2022-10-22 15:54:11",0.766792
9300749,10.248.98.2,"2022-10-22 16:33:27",0.766792
9336637,"Egor maslikov","2022-10-22 19:55:42",0.766792
9336952,xsong2020,"2022-10-31 23:10:36",0.766792
9026544,"Takahiro Saito","2022-10-23 01:25:38",0.766792
9337449,Shiv28,"2022-10-23 03:33:00",0.766792
9068203,"Jianrui Wang (Jerry Wang)","2022-10-23 06:28:04",0.766792
9134136,Wisac,"2022-10-23 08:56:48",0.766792
9336965," Zhongjie Wang","2022-10-26 22:24:38",0.766792
9255420,"Wei Hao Khoong","2022-10-24 01:59:46",0.766792
9120352,"Napoleón Pérez","2022-11-03 18:29:39",0.766792
9293196,"Gowri Shankar P","2022-10-26 16:41:59",0.766792
9322861,3906,"2022-11-15 08:40:17",0.766792
9342933,vferalb,"2022-10-24 09:49:51",0.766792
9239431,4eta,"2022-11-13 09:16:09",0.766792
9052038,shoji,"2022-10-24 15:59:41",0.766792
9344874,olougern111,"2022-10-24 16:45:19",0.766792
9347377,RuRI,"2022-10-25 05:20:47",0.766792
9043003,"laxman kusuma","2022-10-25 06:09:49",0.766792
9348873,Duyukun,"2022-10-26 07:37:42",0.766792
9148880,"Xiaotong Ouyang","2022-10-26 19:37:38",0.766792
9119568,AcidNets,"2022-10-27 22:48:41",0.766792
9124510,Vlad,"2022-10-27 04:41:26",0.766792
9304101,"H. Takeda","2022-10-27 07:27:35",0.766792
9361831,"ye tingyun","2022-10-27 14:48:01",0.766792
9039074,Givan,"2022-11-11 12:55:17",0.766792
9364069,HarryQuake,"2022-11-01 14:10:45",0.766792
9293415,"Juwon yeo","2022-11-07 12:03:36",0.766792
9073715,rsobt,"2022-10-28 05:34:20",0.766792
9324191,athenakyuuh,"2022-11-08 12:41:27",0.766792
9037323,Zq5yGzjg,"2022-10-28 12:03:01",0.766792
9045928,"Alex Zverkov","2022-10-28 17:32:57",0.766792
9027836,"Niranjan Nakkala","2022-10-28 23:35:10",0.766792
9062362,"Prashant Kikani","2022-11-07 06:04:43",0.766792
9053899,andrewyjn,"2022-10-30 06:57:21",0.766792
9062130,"Ao Xu","2022-10-30 21:47:45",0.766792
9226746,zhouhanemo,"2022-10-31 01:48:47",0.766792
9234496,Tkikuchi,"2022-10-31 02:41:54",0.766792
9028658,andrey_ustinov,"2022-10-31 06:51:34",0.766792
9176154,"Alchemy Master","2022-10-31 08:21:38",0.766792
9060701,huyidao,"2022-10-31 10:19:12",0.766792
9224038,JJC,"2022-11-15 23:46:51",0.766792
9383221,"Ihor Biruk","2022-10-31 22:56:09",0.766792
9068942,PetrT,"2022-11-01 19:54:22",0.766792
9383888,啥都不会鸭,"2022-11-15 10:32:49",0.766792
9386098,tttta_ni_,"2022-11-01 09:46:18",0.766792
9260015,guansuo,"2022-11-01 12:37:36",0.766792
9387952,Josesphy,"2022-11-15 20:03:23",0.766792
9166384,Alex_tensor,"2022-11-03 10:56:30",0.766792
9271967,"Yongdam Kim","2022-11-08 04:15:08",0.766792
9061532,Giba,"2022-11-11 14:20:11",0.766792
9374382,"Haoxiang Qi","2022-11-05 04:05:26",0.766792
9412129,"Vinayak Tiwari","2022-11-05 15:40:12",0.766792
9394340,Perkinsy,"2022-11-15 19:04:21",0.766792
9420240,krollm,"2022-11-07 09:35:20",0.766792
9063323,KlaydrX,"2022-11-15 06:11:14",0.766792
9427913,masquer,"2022-11-15 17:07:06",0.766792
9167575,"Vipin Kumar","2022-11-14 08:32:58",0.766792
9054494,since1998,"2022-10-19 11:53:44",0.766791
9030426,"Dong Bochen","2022-09-19 06:00:10",0.766791
9266698,"Nat Bel ML Fun","2022-11-15 23:54:46",0.766790
9117353,Eden_yb,"2022-11-15 19:51:27",0.766787
9074805,SCMM,"2022-11-15 13:53:31",0.766784
9193190,biro-radcliffe-tenmann,"2022-11-07 08:32:51",0.766783
9337344,Sealical,"2022-11-15 22:27:09",0.766783
9162496,zhouhan,"2022-10-27 02:15:36",0.766781
9384116,pp,"2022-11-03 09:23:05",0.766777
9284520,"Ching-Loong Seow","2022-10-19 10:39:21",0.766775
9025581,enddl22,"2022-11-11 00:33:23",0.766774
9088928,"Ryosuke Horiuchi","2022-11-08 08:42:29",0.766774
9031198,AndNov,"2022-10-31 23:23:42",0.766773
9060999,"Ertuğrul Demir","2022-11-01 08:17:07",0.766772
9052396,Munum,"2022-10-26 07:09:57",0.766772
9089592,Kirderf,"2022-11-15 23:18:28",0.766760
9395330,Dylanhedded,"2022-11-04 15:20:09",0.766759
9381243,nuranura,"2022-11-15 16:05:43",0.766759
9090429,"Mehran Kazeminia","2022-11-15 14:46:44",0.766755
9425208,ChunkIng,"2022-11-08 08:17:27",0.766752
9339416,FrogKey,"2022-11-14 13:28:51",0.766750
9410711,"Rakkesh Arv","2022-11-14 18:12:08",0.766749
9030117,"Oleg Zakh","2022-11-05 22:08:14",0.766747
9239044,kknagoya,"2022-11-13 02:14:19",0.766747
9089035,"Naoki Mizutani","2022-11-15 11:06:43",0.766745
9304765,Eason,"2022-11-13 13:47:46",0.766740
9029396,Hinz,"2022-10-25 17:32:00",0.766734
9077602,"Daniil Orel","2022-11-15 15:32:34",0.766732
9134922,KCC,"2022-11-15 03:32:05",0.766728
9235984,"Usama Baloch","2022-11-15 20:05:48",0.766725
9343524,GodLiang2,"2022-11-15 16:38:29",0.766723
9074857,XiaFire,"2022-11-15 15:19:00",0.766723
9127832,"Meikou Chuson","2022-11-13 13:48:34",0.766721
9261681,K-BACK,"2022-11-15 12:09:51",0.766719
9416107,嘴爷,"2022-11-06 15:33:18",0.766717
9103653,unsupported_python,"2022-11-14 15:53:52",0.766715
9047185,LowTempAirCon,"2022-11-15 19:51:45",0.766711
9077387,"Bernd Allmendinger","2022-11-14 10:01:05",0.766709
9312953,ysj,"2022-11-08 09:18:01",0.766709
9225549,Liyongqing,"2022-10-20 02:43:34",0.766709
9156436,AllYouNeedIsGpu,"2022-10-31 07:33:35",0.766706
9330919,"Yitao Gao","2022-10-26 15:01:02",0.766704
9075324,yuuniee,"2022-11-15 07:24:22",0.766704
9372399,"Gattu T","2022-11-15 06:46:06",0.766704
9027715,"Robert Voropaev","2022-11-09 22:54:12",0.766702
9205820,tawichi,"2022-11-10 01:07:41",0.766702
9026165,"Naruhiko Nakanishi","2022-11-10 01:39:50",0.766702
9030661,"Bo Peng","2022-11-12 20:56:52",0.766702
9231964,"Diana Poplacenel","2022-11-15 00:47:39",0.766702
9099898,Jaydeep,"2022-11-13 05:04:48",0.766702
9080564,DH1833185,"2022-11-14 12:50:38",0.766702
9031439,"Huchen Jiang","2022-10-21 10:37:52",0.766699
9026806,"Wei Dai","2022-11-15 22:48:59",0.766695
9062753,"Insiya Jafferji","2022-11-14 00:01:35",0.766691
9379231,"Jackson You","2022-11-14 03:02:08",0.766688
9093940,"Seach for Sth","2022-11-02 13:21:13",0.766687
9059993,"Andy (I-Fan Chen)","2022-10-19 09:05:45",0.766684
9196600,中邮信科运筹优化团队,"2022-11-15 16:08:56",0.766684
9290180,JSLim7,"2022-11-04 15:01:16",0.766682
9173530,"Zuoyu Miao","2022-11-14 04:14:25",0.766681
9028032,"Manoj Prabhakar","2022-10-21 04:06:36",0.766674
9030390,"Michal Bogacz","2022-11-15 20:11:32",0.766671
9062754,"Alex #3","2022-11-14 21:32:52",0.766669
9137259,"Clemente De Rosa","2022-10-31 17:39:22",0.766668
9404766,OsciiArt,"2022-11-15 18:02:49",0.766665
9032595,摸奖校尉,"2022-10-31 07:27:31",0.766660
9390528,"HAO TUNG","2022-11-02 13:38:32",0.766660
9072421,"Juan Smith Perera","2022-11-15 04:12:50",0.766659
9074605,zzzzz,"2022-11-15 02:36:38",0.766657
9113935,‎‎‎‎‎‎‎‎,"2022-11-15 22:32:52",0.766653
9062404,"Victor Fernandez Albor","2022-11-15 10:27:17",0.766650
9254702,JM,"2022-11-08 11:37:43",0.766647
9397277,Kevinqaz,"2022-11-04 15:37:58",0.766644
9114400,okagen,"2022-11-06 23:26:04",0.766643
9030006,"Mehul Sampat","2022-11-15 05:41:59",0.766640
9068310,Coenzyme,"2022-11-15 14:53:03",0.766635
9116722,xiaohu2200,"2022-11-03 04:44:37",0.766626
9341335,kaito510,"2022-11-14 01:49:16",0.766612
9067891,"Henry Javier","2022-11-13 23:46:57",0.766603
9388646,"Egor Liutov","2022-11-02 08:49:10",0.766598
9038664,"Samuel Darmawan","2022-11-15 13:52:03",0.766592
9231526,"Power IA","2022-11-01 14:46:37",0.766582
9068366,Yasuhiro,"2022-11-15 22:32:06",0.766581
9282077,"Yury Tavyrikov","2022-11-15 23:58:46",0.766581
9327051,"Royal Never Giveup","2022-11-01 06:20:27",0.766573
9026224,"Dino Wun","2022-11-14 20:39:09",0.766558
9338206,bulivington,"2022-11-15 08:13:47",0.766552
9258829,tizawa3,"2022-11-15 21:14:48",0.766550
9371357,"Nicol FANG","2022-11-09 10:11:16",0.766549
9113934,knightabc,"2022-10-21 10:37:48",0.766537
9379636,"Gaoyang Li","2022-11-15 15:10:13",0.766531
9072595,AntonKorobkov,"2022-11-15 19:30:47",0.766529
9279071,Eryk,"2022-11-15 18:42:13",0.766527
9070640,"Karim Fadi","2022-10-19 12:26:48",0.766494
9372040,intuitivesimon,"2022-11-08 13:06:34",0.766492
9359332,mihtw,"2022-10-27 21:11:00",0.766482
9066859,SUS,"2022-10-21 15:12:20",0.766479
9026083,Takoi,"2022-11-10 13:36:18",0.766469
9392840,iring58,"2022-11-06 18:24:36",0.766468
9131327,tamaryo,"2022-10-30 12:37:19",0.766463
9402869,"Daniel M Palacios","2022-11-15 23:39:08",0.766461
9271186,4060_cw,"2022-11-13 21:11:07",0.766446
9236020,"Gugan Kailasam","2022-11-15 14:36:39",0.766443
9289870,AlmaamoonAl-saedi,"2022-11-11 22:44:51",0.766435
9252289,Sdilshad,"2022-10-26 12:28:16",0.766432
9202592,Kamogawa_Horumo,"2022-10-19 02:33:43",0.766428
9034176,JianyuLin1999,"2022-11-15 18:03:47",0.766421
9399401,Yana_Semenenya,"2022-11-15 22:12:14",0.766416
9039127,Akiran2F,"2022-11-11 11:12:43",0.766405
9109598,medicine-wave,"2022-10-18 02:16:13",0.766375
9293048,toku,"2022-11-02 08:27:33",0.766370
9385377,Janos,"2022-11-15 18:51:56",0.766369
9074868,"Shakil Bhuiyan","2022-11-15 23:47:48",0.766342
9165194,"Takashi MIYAZAKI","2022-11-15 02:56:06",0.766320
9034734,fate,"2022-11-14 16:20:39",0.766318
9104105,Kajumaru,"2022-10-31 15:35:30",0.766305
9390127,ATAConDNA,"2022-11-06 10:08:23",0.766291
9195491,MauricioCalderonB,"2022-11-15 07:22:27",0.766285
9429152,"Sasha Demenev1","2022-11-08 19:59:27",0.766280
9337738,"Xavier CHAN","2022-10-23 07:07:29",0.766271
9030879,"Vladimir Valeyev","2022-11-15 23:31:35",0.766258
9078903,"Old Monk","2022-10-18 05:52:35",0.766252
9345954,"Lucas Chacha","2022-11-04 02:09:29",0.766249
9074729,QuangNamVu,"2022-11-13 23:53:19",0.766248
9113673,antonholmbergg,"2022-11-15 22:08:56",0.766227
9081685,eiden0029,"2022-10-28 17:52:46",0.766206
9305629,densityMI,"2022-10-19 05:28:35",0.766202
9089397,kheti,"2022-10-18 12:32:42",0.766202
9263290,LSL,"2022-11-15 13:06:48",0.766190
9028639,RoRonoA-TKO,"2022-11-15 17:07:49",0.766185
9375621,Tonybxvtz,"2022-11-08 19:58:19",0.766182
9042834,stuka,"2022-11-15 23:36:28",0.766176
9304682,"Gu ruitong6","2022-10-19 09:51:22",0.766173
9240227,"[Deleted] 26c08692-66d5-4586-8460-a8e420dd3e4a","2022-10-09 08:58:50",0.766170
9268459,zero,"2022-10-23 14:42:00",0.766157
9084604,Phi,"2022-10-25 08:51:54",0.766135
9026013,siero,"2022-11-01 13:14:31",0.766131
9167905,F.J.Martinez-de-Pison,"2022-11-15 23:19:28",0.766126
9090679,"Martin Kovacevic Buvinic","2022-10-18 13:28:19",0.766116
9038076,"Amhaeng Eosa","2022-10-30 15:42:34",0.766056
9096788,"Peter KK","2022-11-15 18:58:38",0.766024
9087129,"Ding Li","2022-11-14 14:50:16",0.766019
9027643,天上掉下个小馅饼,"2022-10-18 13:06:21",0.766012
9066789,"[Deleted] 38c54b79-711e-4a52-8474-3f2a0846f9f2","2022-09-12 06:20:10",0.765985
9396512,"Yerram Varun","2022-11-02 23:40:57",0.765973
9089350,"Szilárd Iván","2022-11-14 13:44:40",0.765973
9055955,"Veronika Chernova","2022-10-06 11:53:21",0.765955
9388346,newduck,"2022-11-15 22:36:47",0.765908
9378769,"Yves #2","2022-11-04 12:41:04",0.765891
9064901,"Izzan Silmi A.","2022-11-04 18:03:02",0.765883
9257193,"Utkarsh Tripathi","2022-11-15 20:53:54",0.765870
9132587,"m7md albaddawi","2022-11-11 21:48:58",0.765853
9025788,YT,"2022-09-14 14:11:02",0.765819
9058018,"Something is WRONG","2022-10-28 16:10:15",0.765786
9052728,"dragon zhang","2022-10-26 12:58:26",0.765759
9159133,Zeta,"2022-11-08 18:25:45",0.765723
9077612,Muj!rush!,"2022-11-08 23:50:09",0.765697
9029148,skaak,"2022-11-14 09:53:20",0.765689
9076171,"Guillermo Perez G","2022-10-10 17:31:48",0.765657
9203401,cold_star,"2022-09-28 16:10:23",0.765579
9129636,bucciaratti,"2022-10-07 08:03:56",0.765579
9075544,Deribs4,"2022-10-23 10:01:07",0.765579
9076087,chal1ce,"2022-09-16 01:03:53",0.765557
9044460,"Konomu Abe","2022-10-21 07:21:53",0.765551
9161081,shichuanqi,"2022-09-28 15:44:03",0.765547
9214242,WangYe,"2022-10-12 03:08:04",0.765547
9060271,"Xu Lian","2022-11-15 19:41:42",0.765544
9288491,yoshoo,"2022-11-15 17:28:59",0.765520
9248309,ImGe,"2022-10-24 05:57:38",0.765487
9088713,"Luka Magic","2022-11-15 23:49:56",0.765458
9228195,"Darnish Marshal","2022-10-08 18:44:02",0.765453
9229057,"Sanaa Burrows","2022-10-02 16:12:50",0.765444
9218869,OneFit,"2022-11-15 15:20:08",0.765436
9099994,Kk7,"2022-09-20 20:46:39",0.765431
9271816,SLHJ,"2022-11-01 04:54:34",0.765427
9250084,"Alisa Vinogradova","2022-10-08 08:23:46",0.765419
9086636,"Vladimir Slaykovskiy","2022-09-09 06:31:46",0.765394
9030976,"Kabir Ivan","2022-09-09 11:25:01",0.765394
9087012,"Keisuke Chikami","2022-09-11 07:29:21",0.765394
9068565,shafiullah,"2022-09-14 05:54:48",0.765394
9025954,"Sergey Bryansky","2022-09-12 21:51:08",0.765394
9090142,"Dongkyu Kim","2022-09-13 08:04:40",0.765394
9152363,kimbyoungwook,"2022-09-14 13:19:54",0.765394
9100825,mikeyuki,"2022-09-27 20:37:21",0.765394
9174298,"Shijian Mao","2022-09-28 10:15:18",0.765394
9040387,"Evgeny Bagirov","2022-10-14 18:28:28",0.765394
9312602,Neurips_Singlecell,"2022-10-21 03:44:59",0.765394
9150224,"Ahmed Ewida","2022-09-19 05:06:09",0.765379
9089783,"Bryan Arnold","2022-10-13 16:55:33",0.765379
9114206,HJXiao,"2022-09-13 15:18:12",0.765373
9036563,Diogo,"2022-09-11 13:44:07",0.765373
9067962,"Fabien Crom","2022-11-15 23:57:21",0.765373
9250366,luckyZQ,"2022-11-15 01:15:09",0.765337
9087314,ShunMizuno,"2022-09-22 04:56:37",0.765296
9071603,RMatsU,"2022-11-15 15:32:59",0.765273
9171634,打Kaggle还是写作业,"2022-10-03 04:55:22",0.765251
9223437,"Better us","2022-10-05 22:07:22",0.765251
9136904,"Akira Sugai","2022-10-07 10:05:20",0.765251
9256780,"[Deleted] adeec406-aa91-44fa-b012-2e9d153243fc","2022-10-07 18:12:11",0.765251
9123393,juhjoo,"2022-10-14 12:09:30",0.765251
9083548,Elias,"2022-11-15 15:01:18",0.765247
9268106,wentixiaogege,"2022-10-11 12:06:30",0.765222
9150418,"Fares Sayah","2022-09-28 06:53:30",0.765210
9228130,"Shae Queen","2022-10-02 16:26:50",0.765204
9116929,"chess snow leopard","2022-09-22 01:23:09",0.765160
9279825,"Binh Nguyen","2022-10-12 12:51:39",0.765158
9229069,"The Mike Jones","2022-10-02 16:46:19",0.765155
9036591,swimmy,"2022-09-22 21:39:55",0.765117
9235831,Caroline,"2022-10-08 20:43:47",0.765091
9134640,Elena,"2022-11-15 22:35:12",0.765082
9073707,PengBo,"2022-09-30 05:57:25",0.765075
9111714,takumi,"2022-10-13 22:09:03",0.765069
9235650,NDotNet,"2022-10-11 05:03:06",0.765065
9195577,"Kaggle User","2022-11-14 10:51:26",0.765014
9163918,"Roni Heka","2022-10-12 07:29:41",0.764998
9167837,Hskr12,"2022-10-11 03:11:41",0.764997
9043507,Joyceeee,"2022-10-11 16:13:07",0.764952
9094840,AICSSU,"2022-10-10 16:17:33",0.764946
9066920,此般浅薄,"2022-10-27 11:39:03",0.764869
9027550,vreabvgyuol,"2022-10-05 07:01:17",0.764868
9136237,🌊loo,"2022-09-11 20:21:11",0.764836
9082079,"Ralph Rogge","2022-09-28 06:46:35",0.764831
9057059,dairatom,"2022-11-14 13:48:40",0.764828
9072602,kickback,"2022-10-07 03:25:05",0.764801
9025656,"Jacoby Jaeger","2022-09-18 04:37:17",0.764777
9289348,"Lawrence Chernin","2022-10-14 02:49:43",0.764772
9348919,igor_yaroshenko,"2022-11-15 19:02:55",0.764747
9361750,"Joe K","2022-11-11 03:16:23",0.764747
9242213,U023,"2022-10-04 22:17:45",0.764743
9050316,"isaac in","2022-10-01 00:22:19",0.764740
9157442,Treadstone,"2022-09-30 15:56:12",0.764740
9139720,"Harits Fadlilah","2022-10-19 01:58:41",0.764732
9035064,arpan129,"2022-09-08 12:01:20",0.764730
9060579,"Timur Galimzyanov","2022-09-08 13:20:01",0.764730
9286177,"LP space","2022-10-17 01:14:19",0.764728
9129457,"Takaaki A.Sakai(C)","2022-09-21 09:23:02",0.764683
9215846,"qunlun shen","2022-10-14 14:22:08",0.764672
9076869,wizhack,"2022-10-06 23:54:33",0.764656
9238020,looxxxpeng,"2022-10-10 13:52:59",0.764656
9301258,"Leon Sakakibara","2022-10-16 17:01:05",0.764656
9045177,Li-Der,"2022-11-05 23:38:19",0.764648
9087288,"Tomoki Hirose","2022-09-09 14:01:09",0.764648
9133438,fuyu,"2022-11-06 08:36:40",0.764648
9038743,"Diego Jiménez","2022-10-17 15:30:22",0.764648
9041096,"inaty & xyz600","2022-10-19 16:53:59",0.764648
9115654,AbhilashVJ,"2022-10-01 07:53:40",0.764648
9067330,"Vladimir Artus","2022-10-23 10:47:38",0.764641
9260405,AissaHOUDJEDJ,"2022-10-10 16:20:06",0.764618
9043387,"Dzmitry Horbach","2022-09-14 15:25:55",0.764520
9080464,rameau,"2022-09-16 00:49:15",0.764520
9071408,"Zbigniew Wojna","2022-09-16 16:50:14",0.764520
9037810,Medbravo.com,"2022-10-16 17:57:11",0.764520
9168323,Yjv,"2022-09-19 06:48:31",0.764520
9083281,Regius,"2022-09-20 03:19:09",0.764520
9037289,cwliu,"2022-10-10 15:07:07",0.764520
9268579,Wisteria,"2022-10-22 03:26:03",0.764520
9164089,syl28123,"2022-11-02 05:25:12",0.764520
9029607,"Fedotov Dmitrii","2022-10-02 15:39:03",0.764519
9201308,alephvnull,"2022-10-11 15:27:06",0.764506
9417643,artem,"2022-11-15 22:35:39",0.764501
9175378,Stewart0729,"2022-09-21 08:54:54",0.764494
9059096,"Satoru Nagata","2022-10-18 10:34:07",0.764458
9189340,JOAN,"2022-10-20 14:27:35",0.764408
9229339,Icfstat,"2022-10-16 22:14:58",0.764383
9025321,syurenuko,"2022-09-24 05:17:59",0.764373
9051506,"🧬 multinome is hard","2022-11-15 16:30:01",0.764351
9355408,LLL,"2022-11-15 15:42:36",0.764351
9047225,chong!,"2022-11-15 14:22:10",0.764250
9182082,"Lawrence Wen","2022-09-22 01:07:58",0.764235
9026566,"open for fun","2022-11-15 10:50:01",0.764228
9225326,"Aman Singh","2022-10-29 11:01:11",0.764189
9379222,Husnila,"2022-11-15 16:06:54",0.764138
9063940,Antelope,"2022-11-07 02:45:25",0.764137
9404109,"just CITE","2022-11-15 18:18:18",0.764021
9215855,bobfromjapan,"2022-11-13 04:18:41",0.764011
9213862,ZHR,"2022-11-15 14:38:20",0.763989
9271504,"Peter CXL","2022-10-17 12:41:26",0.763953
9166252,frogsace,"2022-11-15 14:15:06",0.763946
9073782,"Sathvika Reddy K","2022-09-09 07:41:44",0.763923
9126703,JacksonYYYY,"2022-09-08 07:59:59",0.763923
9152691,"Dom Phillips","2022-09-14 15:19:44",0.763923
9157035,Starfalllover,"2022-10-14 07:43:21",0.763923
9077003,rotto,"2022-09-17 07:24:55",0.763912
9068257,KirkDCO,"2022-11-15 19:12:46",0.763897
9068854,mufeng,"2022-11-14 08:01:50",0.763897
9196768,a_y_n_,"2022-11-15 14:03:36",0.763831
9079789,ikurahaikura,"2022-10-22 21:56:06",0.763810
9096258,"Chia-Ta Tsai","2022-09-20 12:52:04",0.763769
9429656,Rainbow10,"2022-11-15 23:55:16",0.763718
9382078,"Ryan Gifford","2022-11-15 18:40:05",0.763620
9394226,Glenni,"2022-11-15 18:23:34",0.763616
9042064,NM12,"2022-09-09 10:30:45",0.763594
9064146,doteeee,"2022-11-13 14:36:25",0.763550
9060890,praefrontalis,"2022-11-04 09:43:00",0.763533
9062398,BOOBA,"2022-11-11 15:55:39",0.763479
9303823,GraC2H5,"2022-10-26 23:51:53",0.763455
9119160,kgr,"2022-09-06 14:22:54",0.763273
9413418,RYN,"2022-11-15 23:48:32",0.763263
9379500,Hemanth,"2022-11-13 15:18:32",0.763258
9064006,Evan,"2022-10-24 02:15:04",0.763248
9387817,"Kai Chen","2022-11-15 18:24:09",0.763230
9037554,Evdilos_Ikaria,"2022-09-17 19:27:22",0.763200
9429361,Peach9,"2022-11-15 22:32:54",0.763163
9426000,burger129,"2022-11-15 21:29:45",0.763163
9426356,"hard game","2022-11-15 23:49:38",0.763163
9080097,team_defp,"2022-11-01 01:10:57",0.763079
9378468,ng,"2022-11-08 13:32:32",0.763079
9174815,"David Ibáñez","2022-10-06 15:54:35",0.763045
9069373,"ERROR NULL","2022-09-06 08:52:05",0.763019
9050780,soju,"2022-10-28 07:49:05",0.762854
9056315,"Priyanshu Chaudhary","2022-10-16 08:43:26",0.762744
9224940,"Hazen Hildebolt","2022-11-15 19:03:45",0.762606
9077306,"Madhav Mathur","2022-10-05 05:21:56",0.762601
9076079,Kelvin,"2022-09-04 18:41:12",0.762591
9088777,"Anastasia Shvetsova","2022-09-04 14:18:20",0.762517
9173155,"Amin N","2022-11-15 03:13:45",0.762517
9110283,"Valter Eduardo","2022-09-28 01:08:52",0.762514
9137733,Ken_Ken_Pa,"2022-10-02 07:25:24",0.762514
9085507,"Cheng Haozhe","2022-09-05 14:17:37",0.762460
9109754,linear,"2022-09-09 09:03:52",0.762393
9025615,"XS 330","2022-09-11 02:26:48",0.762382
9030462,"Mustafa Keser","2022-10-09 00:10:35",0.762333
9026658,ONODERA,"2022-09-04 17:16:01",0.762310
9074619,zhangchanghao,"2022-09-05 06:00:02",0.762220
9118483,"Pasha Khan","2022-09-06 11:38:11",0.762210
9054952,"Wenwen Xiu","2022-09-07 12:28:50",0.762210
9111694,"CHROLLO Hunter","2022-09-08 12:51:23",0.762178
9057443,"Belogur Artem","2022-09-04 11:10:00",0.762130
9110631,芝士雪豹,"2022-09-04 14:45:19",0.762130
9076584,WangRongsheng,"2022-09-04 15:34:40",0.762130
9111132,"Eliot Poulain","2022-09-04 17:41:30",0.762130
9069813,"cong wang","2022-10-13 00:32:38",0.762130
9096158,"Keewon Shin","2022-09-05 04:47:24",0.762130
9114227,"Javier Vallejos","2022-09-08 18:59:12",0.762130
9065134,kalvin-lt,"2022-09-10 19:42:38",0.762130
9114450,"Talal Shafei","2022-09-22 19:45:08",0.762130
9185489,"Yusuf GAMSIZ","2022-10-11 20:20:04",0.762130
9027586,russointroitoa,"2022-09-08 07:21:55",0.762088
9068604,sheta,"2022-11-14 11:07:37",0.761991
9191658,"Gong Qiuyu","2022-10-01 01:08:10",0.761931
9287741,Merlin,"2022-10-17 21:44:35",0.761804
9050782,hk,"2022-09-07 14:09:07",0.761796
9063350,"sakdipat ontoum","2022-09-08 12:46:00",0.761732
9123522,OnePiece,"2022-09-07 22:37:41",0.761707
9167046,"charles chen1086","2022-11-04 10:55:50",0.761704
9135528,"Rebel Alliance","2022-11-15 17:22:08",0.761575
9166832,"Nikolay Gospodinov","2022-09-25 11:40:15",0.761503
9031230,"Guilherme Campos","2022-09-12 22:04:19",0.761441
9077701,TU,"2022-11-10 00:18:07",0.761437
9026422,"Ramon Viñas","2022-09-27 02:37:38",0.761335
9323648,"Shaimaa AlRa","2022-11-15 13:29:33",0.761320
9407780,"Mysterious Loser","2022-11-05 05:07:48",0.761267
9165765,ZYZ,"2022-10-27 15:43:19",0.761191
9348950,IcouldIwould,"2022-11-04 07:37:23",0.761191
9074942,agenlu,"2022-11-15 15:03:13",0.761172
9072045,"Kuts Alexey","2022-11-01 18:26:07",0.761153
9027853,LS,"2022-11-14 15:12:16",0.761049
9374979,"Kane Toh","2022-11-01 01:03:34",0.761043
9394405,"Joseph Zoeller","2022-11-15 22:20:53",0.760974
9189702,yunponsgr,"2022-10-30 14:44:13",0.760954
9140321,PFSingleCell,"2022-11-15 23:55:13",0.760907
9091752,"Jiawei Qian","2022-09-04 17:03:00",0.760903
9402065,Aly,"2022-11-03 18:35:29",0.760896
9143833,"Aishik Rakshit","2022-11-14 23:07:11",0.760869
9082414,palsan,"2022-11-15 08:47:03",0.760865
9356068,sana,"2022-11-12 06:24:33",0.760857
9082303,"Selbinyyaz Sultanova","2022-11-09 19:12:03",0.760688
9029352,kma###,"2022-11-13 06:58:05",0.760607
9028990,akk,"2022-09-12 11:33:30",0.760479
9368786,Sladek_Lab,"2022-11-15 03:45:16",0.760472
9140482,NaN,"2022-11-12 06:46:31",0.760435
9067874,"Amit Kumar Jaiswal","2022-09-09 08:40:10",0.760354
9246929,HKB,"2022-11-15 20:11:16",0.760295
9298337,samru,"2022-11-14 22:02:28",0.759919
9062408,"Toqi Tahamid Sarker","2022-10-23 14:41:05",0.759910
9027890,cakeinspace,"2022-09-18 09:48:16",0.759850
9063596,"One Old Dog","2022-11-15 20:24:58",0.759797
9037123,cyniphile,"2022-11-15 21:29:48",0.759531
9410939,Mishima,"2022-11-15 07:54:01",0.759479
9064348,"Chandan Pandey","2022-11-15 20:00:43",0.759182
9038248,splat.ai,"2022-09-08 20:29:59",0.759001
9304074,Aya,"2022-11-15 19:28:33",0.758981
9340159,"Nastya Kiryak","2022-10-24 08:17:01",0.758741
9371765,"Evgeni Bikov","2022-10-29 11:35:30",0.758741
9380711,"Gleb Qz","2022-11-02 08:54:34",0.758741
9423376,MEPhI,"2022-11-08 14:38:00",0.758741
9360769,"Yan Shynkevich","2022-11-08 22:28:31",0.758741
9220408,ryokiti,"2022-09-30 12:09:59",0.758446
9037719,cuicube,"2022-09-22 17:18:51",0.758295
9342627,科技与很活儿,"2022-11-14 17:45:43",0.758242
9065148,"Sedat GOLGİYAZ","2022-11-01 22:31:28",0.758199
9074355,"Nikhil Shenoy","2022-10-21 18:21:14",0.758113
9426028,"Pavel Nikolaichev","2022-11-13 16:37:53",0.758073
9142785,Sigonella,"2022-11-15 22:37:16",0.757948
9386065,Sukegon,"2022-11-11 07:29:02",0.757767
9043308,room722,"2022-09-03 17:48:07",0.757750
9050344,RuvH,"2022-10-29 22:02:54",0.757723
9028195,RNA,"2022-09-09 11:35:35",0.757452
9040529,Genome,"2022-09-09 15:44:30",0.757273
9071710,romden,"2022-10-24 08:12:22",0.757259
9075379,moritake04,"2022-11-15 18:48:38",0.757027
9093572,MolPK,"2022-11-15 15:19:47",0.756984
9042499,M1stiC,"2022-11-11 10:00:25",0.756655
9116849,PEIHANG-Wing,"2022-09-06 04:16:52",0.756586
9045468,"Milton Bose","2022-09-13 22:34:50",0.756579
9401944,"Aquila Agam","2022-11-15 21:47:48",0.756480
9426993,yongshuo,"2022-11-08 13:37:10",0.756428
9411425,antimaterial,"2022-11-15 23:39:28",0.756427
9137223,dogeplusplus,"2022-10-09 10:35:39",0.756243
9036259,Jackenjill,"2022-09-04 17:45:48",0.756222
9110646,zzwplus,"2022-09-05 03:29:23",0.756222
9029909,tscheung,"2022-09-05 08:39:39",0.756222
9068554,"Qinglin Mao","2022-09-13 16:31:28",0.756222
9198864,"AI Science WG Team 2","2022-11-04 19:53:53",0.756222
9225378,Haru,"2022-11-06 01:11:33",0.756220
9047703,Ebi,"2022-08-28 06:07:12",0.756171
9230685,POPPY,"2022-11-15 23:50:10",0.756088
9069575,"Kaihua Zhang","2022-09-21 16:11:51",0.755996
9101005,RHiRaNo,"2022-10-04 09:14:16",0.755964
9066765,"Jon Blanchard","2022-11-15 22:04:13",0.755920
9051137,Open_Problem,"2022-09-06 19:04:47",0.755901
9068617,SVG,"2022-10-09 16:33:30",0.755865
9062596,"Wenlong Yang","2022-10-21 02:55:31",0.755854
9094631,Kaz_tech,"2022-10-29 13:36:16",0.755820
9061919,hharrati,"2022-09-26 15:22:03",0.755816
9099422,FrankW777,"2022-09-20 07:19:32",0.755693
9160526,"Ludovic CHANGEON","2022-09-20 13:02:12",0.755639
9356727,Ioannis,"2022-11-13 13:49:37",0.755575
9057098,YsionC,"2022-10-03 06:32:16",0.755534
9347742,Sandra12327,"2022-11-06 08:48:53",0.755520
9401505,Jasonczh,"2022-11-03 16:47:27",0.755486
9235894,kimeler,"2022-11-02 15:25:40",0.755483
9313365,"Galkin Danil","2022-11-15 10:50:20",0.755483
9156899,"Roman Yakunin","2022-11-15 09:30:54",0.755230
9062518,"Leandro Destefani","2022-09-09 06:20:20",0.755060
9101812,WonJun,"2022-09-03 09:48:52",0.755002
9036996,LiuZ_Lab_BCM,"2022-10-25 19:25:48",0.754927
9070846,JJ,"2022-09-08 03:14:09",0.754764
9029280,"Cells at work!","2022-08-31 18:12:39",0.754764
9089311,"Nikita Chouvalov","2022-09-01 14:27:23",0.754764
9029216,"Wood medal professional","2022-09-01 04:25:43",0.754764
9087929,drumehiron,"2022-09-03 03:58:50",0.754764
9138374,Autumn,"2022-09-11 22:12:07",0.754764
9068089,FO-SHIZZLE,"2022-09-15 18:04:19",0.754764
9179639,TAKKMA,"2022-09-29 12:51:26",0.754764
9218812,Kylemoynahan,"2022-10-05 20:46:46",0.754764
9036544,hironakayama,"2022-10-10 04:06:47",0.754764
9319780,"George Kudryavtsev","2022-11-04 07:11:30",0.754764
9108019,"mirosia koval","2022-09-03 17:37:01",0.754764
9034417,"Andrey Shtrauss","2022-10-17 12:10:28",0.754764
9049542,"Mark Peng","2022-09-05 01:40:28",0.754764
9080079,Yukey1995,"2022-09-25 09:21:00",0.754764
9195972,kuniotoku,"2022-09-25 14:48:45",0.754764
9106241,TkgglO,"2022-09-28 22:19:54",0.754764
9125364,KokiSasaki,"2022-09-29 10:03:34",0.754764
9054391,"Guille Lissa","2022-10-07 02:09:51",0.754764
9289727,hadeer,"2022-10-14 11:29:39",0.754764
9243896,"Keigo Nakano","2022-10-31 15:10:54",0.754764
9035240,"Isaka Tsuyoshi","2022-11-02 17:02:43",0.754764
9029705,"HWIKOOK CHOE","2022-09-08 16:16:34",0.754574
9147612,Cedric,"2022-10-21 09:27:46",0.754436
9076893,Xiangnan,"2022-10-28 23:49:59",0.754393
9114043,"Rudolph Janse van Rensburg","2022-11-08 17:50:16",0.754215
9208995,"Yanfeiyun Wu","2022-11-07 01:34:58",0.754176
9167265,"Do cells dream of latent space","2022-11-15 19:55:28",0.753836
9075767,subachev,"2022-10-04 05:05:58",0.753591
9103552,ORANGECAT,"2022-09-02 14:06:58",0.753570
9059706,"Bao Loc Pham","2022-09-04 03:25:56",0.753566
9086677,"Anupam K.","2022-10-09 08:18:16",0.753465
9026703,"Dayane Marcos","2022-09-05 12:48:38",0.753200
9035960,大力出奇迹,"2022-09-22 13:03:49",0.752967
9093584,Vaewnut,"2022-08-31 11:57:22",0.752917
9093269,lvxiaobu,"2022-08-31 14:12:12",0.752917
9062343,عثمان,"2022-08-31 22:20:39",0.752906
9423817,GhostMaker,"2022-11-15 23:38:14",0.752872
9315508,MarieB13,"2022-11-15 23:00:24",0.752723
9094210,"Joshua Colmer","2022-09-02 14:42:10",0.752711
9245942,"Ani Grigor","2022-10-19 17:42:28",0.752702
9339803,"Kirill Petrikov","2022-10-23 19:36:56",0.752702
9345597,Arteziak,"2022-10-26 19:11:38",0.752702
9406935,"Arina Tsvetkova","2022-11-04 16:05:54",0.752702
9062065,tatakae,"2022-10-11 07:01:55",0.752670
9034791,"Alex Emerick Jones","2022-08-31 13:25:21",0.752612
9040705,Jyothiraditya,"2022-09-01 02:30:50",0.752612
9087847,"JIAYI SHAO","2022-09-01 02:12:21",0.752612
9076099,"Mohammed Sabry","2022-09-01 06:52:20",0.752612
9077689,"Kaneshiro Takeshi Pro Max","2022-09-01 14:54:44",0.752612
9097494,"Rohan Winsor","2022-09-01 11:58:03",0.752612
9085813,"Nurken Adilbek","2022-09-01 16:41:29",0.752612
9058951,"Rob Mulla","2022-09-02 14:28:55",0.752612
9108619,rkbt,"2022-09-04 07:15:22",0.752612
9140624,korikori1021,"2022-09-13 07:54:09",0.752612
9065488,RyanMurray,"2022-09-28 15:37:01",0.752612
9154834,Tsui21912184,"2022-09-21 09:40:42",0.752612
9137152,"DODO Adventure","2022-10-05 14:49:36",0.752612
9366762,"Kakeru Hayashi","2022-10-29 07:50:42",0.752612
9039368,soul,"2022-09-02 04:38:19",0.752612
9056376,sa1111,"2022-09-29 13:51:46",0.752566
9080400,"Yuma Saitou","2022-09-24 03:16:04",0.752540
9389553,"Sonya Grey","2022-11-03 04:58:01",0.752492
9354573,"Alice Voronova","2022-10-26 16:48:23",0.752492
9344645,"Jessica Jones","2022-10-26 22:14:08",0.752492
9347545,"Pavel Chekanov","2022-11-04 18:43:51",0.752492
9429342,"Aleksandr Bochkarev","2022-11-08 20:12:21",0.752492
9361694,liza_bogdan,"2022-10-27 13:13:51",0.752492
9354137," Zakarian AV","2022-10-27 21:22:28",0.752492
9425990,Szh,"2022-11-08 09:30:21",0.752492
9349427,"Leonid Afanasev","2022-10-26 21:16:30",0.752459
9050539,"Chris Ried","2022-09-04 21:21:37",0.752335
9171011,RobinWWB,"2022-10-18 11:33:10",0.752334
9384246,"E2 NextGen","2022-11-15 16:48:18",0.752083
9423319,Nicole,"2022-11-15 22:16:59",0.751896
9054074,"How to get 0.85","2022-09-03 04:57:02",0.751124
9042224,"Wei Xie","2022-09-20 17:39:24",0.750652
9268226,db_xi_ae,"2022-10-23 02:11:42",0.750261
9079126,Mirhad,"2022-11-15 05:16:48",0.749743
9414375,ddcaczz,"2022-11-10 08:53:47",0.749696
9106503,the-old-new-m-thing,"2022-11-15 23:58:38",0.749696
9062332,Kotoi,"2022-08-31 03:34:41",0.749572
9099885,"Yiyun Lu","2022-10-28 03:12:08",0.749411
9298235,"Anna N. Parfenenkova","2022-10-20 01:12:55",0.749381
9406332,Ludvig,"2022-11-15 15:11:28",0.749331
9078378,"Himanshu Nayal","2022-10-13 04:51:28",0.749239
9028319,"Masahiro Mochizuki","2022-10-08 02:14:31",0.749009
9156325,"Vincent Verhagen","2022-11-11 16:34:54",0.748317
9371065,zfBiozf,"2022-11-07 05:37:51",0.748157
9046900,"Sparse Woodman","2022-08-30 02:53:25",0.747451
9352508,jiabin,"2022-11-04 07:06:20",0.747190
9316339,cloudontheground,"2022-10-23 09:22:15",0.747083
9026134,"Patrick Yam","2022-11-15 13:22:08",0.746559
9064274,"Dhiraj Hazra","2022-11-15 19:43:12",0.745651
9062360,mohami,"2022-09-30 13:03:01",0.745287
9047202,mosamir2101,"2022-09-22 16:34:54",0.744543
9190323,jmacon,"2022-10-30 21:12:20",0.744263
9367735,Randropper,"2022-11-15 12:55:05",0.744097
9066548,"Lucas Morin","2022-10-06 22:12:27",0.744052
9133334,Daisy,"2022-11-15 22:49:56",0.744052
9143649,"Greene Lab","2022-11-15 22:13:28",0.743901
9078820,"R. Ye","2022-09-01 02:10:47",0.743458
9079643,"Alex Jorenby","2022-09-12 01:43:43",0.743410
9080389,Doktic,"2022-11-13 12:43:56",0.743108
9100097,LatteDay,"2022-11-15 22:25:34",0.742933
9064243,"lsl lee","2022-11-15 14:33:24",0.741861
9300105,ZouAtHUST,"2022-10-19 10:06:02",0.741629
9042201,"Aleksandr Pogodaev","2022-09-16 12:02:02",0.740302
9167712,STAT_UWM,"2022-11-05 21:09:45",0.740051
9080580,Phaedrus,"2022-09-03 04:08:39",0.738337
9074673,"Tharun Suresh","2022-09-05 11:29:36",0.738080
9366916,MuthuVenk,"2022-10-29 22:45:30",0.737768
9026437,BaAis,"2022-09-28 07:12:46",0.737725
9065965,Jonathan,"2022-08-28 17:43:23",0.737643
9037937,"Gisele Simas","2022-10-13 00:22:17",0.737621
9180268,why,"2022-11-15 12:03:47",0.736638
9031281,KevinWang,"2022-09-26 05:18:02",0.736169
9067557,ThomasMortier,"2022-11-15 17:33:13",0.736163
9071885,YuliaKondratenko,"2022-09-02 14:38:48",0.736055
9083798,"Cem Duru","2022-09-26 08:16:36",0.735995
9070741,Minato_Coder,"2022-10-09 11:38:06",0.735822
9064996,BioLegends.AI,"2022-10-16 18:59:24",0.735303
9067473,iguchi$$$$$,"2022-10-10 19:24:09",0.735200
9091233,Fidel,"2022-09-19 14:26:42",0.734705
9077946,toonzzzrock,"2022-09-05 17:01:40",0.734109
9073483,"Give me a gold","2022-09-04 13:13:39",0.733959
9050288,"Norman Vitancol","2022-11-02 22:41:02",0.733747
9275419,Applepie,"2022-10-13 08:28:15",0.733707
9261861,Fysure,"2022-10-14 01:14:55",0.732428
9105033,"its human thing","2022-09-27 14:05:08",0.731849
9029671,"John Straw","2022-08-27 19:41:18",0.730279
9102056,"Ning zhaoyang","2022-10-28 17:29:18",0.729097
9075195,MikePhuycharoen,"2022-10-21 15:00:42",0.728814
9051616,"A Scientist","2022-08-29 13:52:53",0.728348
9080649,oneopeadoauo,"2022-09-23 13:21:35",0.727804
9106414,"Satoshi Tazawa","2022-09-28 17:26:54",0.727711
9025490,YYama,"2022-08-29 14:09:25",0.727412
9076596,"Rishav Nandi","2022-08-26 21:22:11",0.727366
9301664,"Team Enigma","2022-10-30 09:23:45",0.727259
9063927,"Arti Kushwaha","2022-08-30 08:16:42",0.727197
9029389,"Cute Duffy","2022-08-26 07:11:28",0.727147
9064534,tail-island,"2022-11-09 00:19:34",0.727094
9033718,Foxp3,"2022-10-24 00:47:03",0.726806
9025625,tsmn,"2022-09-01 01:20:24",0.726667
9083444,Sky_Sky_1359,"2022-08-29 06:10:46",0.726640
9169995,"Lucy Jie","2022-09-21 05:52:18",0.726609
9078323,RyoTonegawa,"2022-08-29 14:18:49",0.726471
9062347,"Sunder Rajan","2022-09-24 00:22:28",0.726433
9095165,"Guillaume Heger","2022-11-14 20:44:33",0.726175
9087482,"Sudharshan N","2022-10-05 11:44:54",0.726172
9072154,chengzhe0227,"2022-08-26 17:41:13",0.726053
9033764,Tatsuya50,"2022-08-26 06:15:04",0.726002
9036786,HandsomeEvy,"2022-10-11 18:02:31",0.725701
9050195,SharkTeam,"2022-09-06 02:00:44",0.725657
9087292,tukang_data,"2022-08-30 02:37:10",0.725641
9043165,"yu Orange","2022-08-30 15:53:20",0.725641
9029212,"Enric Domingo","2022-08-30 22:20:25",0.725641
9309054,Claptar,"2022-10-17 18:17:50",0.725570
9050205,"Tarık Karakaş","2022-08-24 15:56:05",0.725512
9067610,"Igor Burim","2022-08-25 00:52:11",0.725512
9039483,w842442862,"2022-08-25 04:33:42",0.725512
9038740,coffee_team,"2022-08-25 06:02:23",0.725512
9072299,Andrij,"2022-08-25 20:55:02",0.725512
9064005,"林湧森 (Dyson Lin)","2022-08-27 14:04:36",0.725512
9077796,"Yusup Badiev","2022-08-27 12:10:44",0.725512
9048299,"Pavel Romanchenko","2022-08-28 16:36:09",0.725512
9066551,elMetejon,"2022-08-29 06:57:06",0.725512
9094087,"Durgesh Rao","2022-08-31 16:35:41",0.725512
9087120,kym2022,"2022-09-02 11:27:15",0.725512
9066996,"Anumita Singha Roy","2022-09-19 21:59:10",0.725494
9084359,Dylan,"2022-09-08 11:52:52",0.725408
9082295,geolearnerr,"2022-09-03 19:54:17",0.725402
9078508,knee_kakkun,"2022-09-10 13:37:48",0.725377
9138391,domino,"2022-09-13 22:49:01",0.725355
9146587,Rica,"2022-09-30 12:56:31",0.725355
9053575,Knightbearr,"2022-08-26 10:23:14",0.725309
9080411,Zijian,"2022-08-28 10:04:39",0.725301
9080963,aikaro,"2022-08-30 18:34:14",0.725301
9042509,"A star Pikachu","2022-09-02 09:52:59",0.725301
9173032,"Ashish Balhara","2022-10-08 15:47:43",0.725261
9066854,Jboss7,"2022-09-05 02:07:43",0.725174
9059386,Ryohei716,"2022-09-02 10:18:29",0.725137
9163544,asasasad,"2022-09-17 10:53:26",0.725137
9416484,shahilpema,"2022-11-15 17:21:02",0.725137
9047403,c-number,"2022-08-28 12:33:20",0.725030
9026781,TryanAditya,"2022-08-24 06:04:30",0.724798
9041005,yanzhougemzhou,"2022-08-24 08:42:06",0.724798
9063825,"KAIST deepbio","2022-11-15 22:54:17",0.724681
9322491,"uqer jyh","2022-11-03 06:33:16",0.723081
9079120,qnqn1927,"2022-09-19 17:35:03",0.722944
9035904,Spiritmilk,"2022-09-03 02:15:37",0.722877
9240846,can_obliviate0,"2022-10-11 08:57:24",0.722253
9072036,helloLouis,"2022-10-30 23:18:27",0.722189
9090945,"Dylan Mann-Krzisnik","2022-11-11 16:34:05",0.721787
9140831,pkwangwanjun,"2022-09-25 05:22:59",0.721599
9062350,"Mainak Mondal","2022-10-18 12:10:23",0.720967
9061916,"Jianye Ge","2022-11-07 02:58:21",0.720628
9071080,zlljy,"2022-08-25 13:05:35",0.720584
9358129,孙婕,"2022-11-11 05:43:22",0.720233
9057492,outwrest,"2022-08-24 18:34:42",0.719769
9067278,"SAUDADES DA MINHA EX 😭😭😭😭","2022-09-09 17:49:59",0.719378
9030035,pranav,"2022-09-27 13:17:05",0.719278
9058599,"Pengnan Chee","2022-08-29 21:44:34",0.719119
9027022,tetsuya,"2022-08-28 06:46:08",0.718503
9352835,Sakigake,"2022-11-15 23:27:14",0.718118
9077568,MattiasAA,"2022-08-27 16:37:24",0.716826
9054736,Dumbledore,"2022-08-22 05:03:59",0.716826
9055687,"Siti Khotijah","2022-08-22 11:51:24",0.716826
9062079,RINKUX,"2022-08-23 19:01:51",0.716826
9064420,"William Guesdon","2022-08-24 07:20:26",0.716826
9061995,"Joseph Kibira","2022-08-24 09:53:22",0.716826
9030812,"Nora Ekramy","2022-08-24 18:28:47",0.716826
9063135,KFurudate,"2022-08-25 11:23:42",0.716826
9074006,g720052,"2022-08-26 13:18:16",0.716826
9071129,Kinoshita_Shohei,"2022-08-27 05:43:08",0.716826
9026035,joyfulCorgi,"2022-08-28 06:45:36",0.716826
9076624,AlpineStranger,"2022-09-11 22:20:57",0.716826
9089943,"Takahiko Yamamoto","2022-08-30 16:10:03",0.716826
9093858,akkkkkk,"2022-09-01 14:20:38",0.716826
9081961,"Lamp Of Socrates","2022-09-03 11:16:29",0.716826
9025961,"omar elnahas","2022-09-06 19:55:02",0.716826
9031304,yuidao,"2022-09-12 02:41:40",0.715753
9106795,Akash,"2022-09-04 06:52:58",0.713056
9223072,AI_sc_embed,"2022-10-02 17:40:02",0.712953
9055720,scGouda,"2022-11-15 16:46:29",0.711473
9052913,kotaro_chato,"2022-08-21 14:51:02",0.708453
9062262,Narad,"2022-11-05 11:32:04",0.706591
9364170,"liu muyi","2022-11-15 21:45:03",0.704713
9244795,Anpan,"2022-11-15 23:50:43",0.703771
9394175,QCMB_Group,"2022-11-14 16:03:00",0.702613
9335227,adamgreen,"2022-11-01 04:48:37",0.701706
9364091,junseonglee11,"2022-11-15 23:45:27",0.701491
9025948,luudactam,"2022-10-17 04:13:29",0.690747
9068411,"Norifumi Irie","2022-11-11 05:25:20",0.687945
9029490,"Erivan Oliveira","2022-08-30 17:05:59",0.683038
9058562,"Fangzhou Li","2022-08-29 18:13:17",0.680299
9198138,"J. K. Chae","2022-10-19 00:45:00",0.680196
9147241,"Melanie Lambert","2022-10-29 17:52:42",0.680196
9139180,"Yun Lu (Sigrid)","2022-10-30 23:26:51",0.680196
9132682,Taka,"2022-10-14 19:12:20",0.680196
9091112,Kofi,"2022-09-19 07:59:30",0.678071
9102761,MKeeling,"2022-10-21 14:46:29",0.677941
9256237,U-Saver,"2022-11-15 07:19:31",0.672587
9063058,CIML-UFJF,"2022-11-08 18:43:12",0.671015
9067401,SzalaiB,"2022-08-24 23:37:59",0.663351
9114642,"Jonathan Griffiths","2022-09-27 14:50:31",0.646890
9028495,"Albert Ferré","2022-08-19 17:09:35",0.635130
9061514,Beiusnow,"2022-08-29 07:47:12",0.634982
9028308,"Kosarevsky Dmitry","2022-10-17 20:43:46",0.634317
9089958,"Alexander Kalmykov","2022-10-23 10:06:16",0.634317
9025424,Shun_PI,"2022-08-22 01:18:22",0.630909
9026537,"Wei Lu","2022-09-29 10:01:37",0.629889
9051211,"Ademola Okerinde","2022-08-23 01:40:17",0.629047
9154352,Pangloss,"2022-09-16 14:20:32",0.628877
9097458,yihancc,"2022-11-14 08:21:46",0.625711
9190561,"Gianni Martino","2022-10-30 17:55:27",0.625394
9027613,"Shuntaro Tanaka","2022-08-16 14:58:43",0.625049
9372728,"Ju Ba","2022-11-15 10:47:35",0.622739
9067720,Karsten,"2022-09-07 08:56:37",0.619526
9038077,"Jirka Borovec","2022-08-18 12:18:34",0.615704
9042150,Luan,"2022-08-18 22:46:01",0.615704
9026542,宗宗没有英文名,"2022-08-19 02:01:56",0.615704
9043529,"Mert Kurttutan","2022-08-19 09:49:51",0.615704
9045005,skyscreen,"2022-08-19 14:42:55",0.615704
9047382,runbotic,"2022-08-20 11:26:11",0.615704
9049082,"Seiki Nakamura","2022-08-20 13:32:59",0.615704
9050638,AntiSquid,"2022-08-20 23:28:44",0.615704
9037389,"Blue Light","2022-08-21 04:07:41",0.615704
9039012,"Qicheng Zhao","2022-08-24 04:32:20",0.615704
9029197,"Nikhil Milind","2022-08-17 00:10:44",0.615704
9065274,"Bulat Z","2022-08-24 12:58:16",0.615704
9063727,kicysh,"2022-08-27 05:29:23",0.615704
9025784,Song_brother,"2022-08-17 14:47:51",0.614936
9036654,"[Deleted] e70d5927-7a84-4ff9-9254-93c2cf2edec1","2022-08-17 14:58:18",0.614936
9039069,"Toan Doan","2022-08-18 06:09:52",0.614936
9040536,xlforml,"2022-08-18 12:20:35",0.614936
9040704,DataDeducers,"2022-08-18 16:40:46",0.614936
9026683,Take,"2022-08-19 08:24:41",0.614936
9034060,digimagi,"2022-11-14 15:00:22",0.614936
9051483,ta22sam,"2022-08-29 05:12:58",0.614936
9079104,"Sajid Zaman","2022-09-01 04:02:29",0.614936
9027815,"Darek Kłeczek","2022-09-07 21:04:50",0.614936
9168211,RicoMeinl,"2022-10-19 08:39:55",0.614936
9036252,"Daniel Burkhardt","2022-10-28 16:40:20",0.614936
9047103,K.Tsuda,"2022-08-20 07:02:13",0.614935
9076254,"Vlad Mironov","2022-08-26 18:57:32",0.614935
9080298,"Andrew Jones","2022-08-28 06:00:24",0.614935
9062309,livent,"2022-09-06 03:41:53",0.614935
9046200,"🐢 Jun Koda","2022-08-26 05:22:41",0.614185
9330579,Pawel,"2022-11-12 05:40:54",0.610175
9148410,nigani,"2022-09-27 09:52:33",0.602852
9352968,"Prosotas dubiosa","2022-11-15 23:28:59",0.591515
9089399,hh_oas,"2022-08-30 15:27:06",0.585867
9030303,"Johnny Godoy","2022-08-16 18:19:43",0.585310
9288325,"Aaron Olender","2022-10-17 09:10:42",0.579618
9154585,Shoshinsya,"2022-11-04 19:17:49",0.560906
9083328,"S Mugunthan 1045","2022-08-31 11:11:40",0.542483
9258012,SeishiroInoue,"2022-11-02 05:41:35",0.536254
9072572,"Gamba Asesina19","2022-09-14 02:17:46",0.468793
9038720,"Zhisheng Jiang","2022-08-20 01:14:29",0.443273
9081742,"Yusuf Jafry","2022-10-07 07:10:56",0.440290
9084751,shui,"2022-10-20 15:57:58",0.376465
9303815,"Artur Kovinenko","2022-10-18 10:16:33",0.360543
9112159,"Percy Jardine","2022-09-06 10:17:58",0.359685
9180246,XHYXHYXHY,"2022-09-26 06:17:48",0.359188
9408314,"Yessine Zghal","2022-11-05 11:11:55",0.358676
9235521,EvgenyKazenov,"2022-10-07 15:10:15",0.357839
9133918,"Gaurav Malik","2022-09-15 13:47:03",0.356381
9089098,DI,"2022-09-19 08:00:21",0.352080
9026015,SkylarkPhantom,"2022-08-16 23:08:10",0.350724
9101345,"Gabriel Warshauer-Baker","2022-10-14 03:41:28",0.348842
9139578,humble_whale,"2022-10-17 15:00:20",0.347826
9030531,SanjayKottapalli,"2022-08-25 15:54:08",0.346105
9347618,zengLab,"2022-11-03 01:49:06",0.343814
9049565,s_shohei,"2022-08-30 14:52:54",0.342674
9058576,"Shane Chambers","2022-10-24 15:17:20",0.341448
9340389,BraveNiuNiu,"2022-11-15 04:37:49",0.341126
9102928,"Hari Malakar","2022-09-25 18:05:35",0.339340
9304713,"KAKARLA RAJINIKANTH","2022-10-17 14:06:15",0.286719
9105312,bk,"2022-10-25 19:35:53",0.286017
9042956,"hosokawa toru","2022-10-04 22:03:12",0.231936
9105327,"Terrence Wu","2022-11-15 23:28:06",0.176253
9066998,"Tian #2","2022-08-24 18:01:03",0.013944
9053093,"Thales Galuchi","2022-08-23 03:50:28",0.000249
9025500,"David Patton","2022-08-17 13:42:47",0.000156
9048746,"Philipp Erbacher","2022-09-08 21:12:04",0.000088
9139347,Cousins,"2022-10-06 02:57:27",-0.000040
9054280,"Nigel A. R. Henry","2022-08-22 03:25:27",-0.000212
9051007,Stefano_Braghetto,"2022-08-21 20:37:13",-0.000273
9029809,FatherSpodoKomodo,"2022-08-17 12:49:28",-0.039542
9030613,181154,"2022-08-17 13:05:11",-0.193337
9231232,"Lauren Sanders","2022-10-14 06:00:51",-0.236346
9083378,"SudokuMouse & ChessBunny","2022-11-14 13:01:08",-0.593823
9360767,"Regino Barranquero","2022-11-03 13:24:58",-0.598694
9287916,HHlab@Keio,"2022-11-02 13:56:38",-0.740013
9124772,sample_submission.csv,"2022-09-07 18:02:08",-1.000000
9013839,"Ryan Holbrook","2022-08-15 14:29:25",-1.000000
9028698,queyrusi,"2022-08-16 11:36:53",-1.000000
9042682,Hurley,"2022-08-19 02:39:20",-1.000000
9026498,hyd,"2022-08-27 17:05:34",-1.000000
9077172,"Alejandro Cuevas","2022-08-31 02:53:17",-1.000000
9063098,sps,"2022-09-02 05:48:19",-1.000000
9042106,hhhuuugggooo,"2022-09-17 05:37:26",-1.000000
9076642,JaeDeoh,"2022-09-23 18:14:25",-1.000000
9144154,y.max,"2022-10-01 19:53:38",-1.000000
9275974,"Manvitha Ayinampudi","2022-10-11 15:04:43",-1.000000
9276366,lohithburramukku,"2022-10-11 16:29:34",-1.000000
9041831,"Bayar Park","2022-10-11 19:20:44",-1.000000
9281620,"Meka Mahitha","2022-10-12 14:12:14",-1.000000
9282290,Hemanth.2002,"2022-10-12 16:09:05",-1.000000
9282363,"krishna sasank raavi","2022-10-12 17:01:29",-1.000000
9316529,"TUNG YUN Wang","2022-10-19 02:50:36",-1.000000
9320114,rauta,"2022-10-20 15:36:00",-1.000000
9381368,jyouzen,"2022-11-08 14:58:55",-1.000000
9428832,PinarDemetci,"2022-11-08 17:55:03",-1.000000
9390500,N_hara,"2022-11-09 12:55:44",-1.000000
9206121,"Lin Xiao Xian","2022-11-09 20:15:07",-1.000000
9142810,"Data Hawks","2022-11-12 16:02:03",-1.000000
9181695,"Team FMS FR","2022-11-15 21:12:20",-1.000000
9276951,"Yang Zhang","2022-11-15 22:20:25",-1.000000
